Season,F1,Team,GP,W,L,Points,CF,CA,CF%,GF,GA,GF%,xGF,xGA,xGF%,HDCF,HDCA,HDCF%
2024,1,New Jersey Devils,82,42,33,91,3949,3748,51.31,149,152,49.5,169.1,160.01,51.38,715,678,51.33
2024,2,Buffalo Sabres,82,36,39,79,3828,3866,49.75,185,184,50.14,161.38,174.98,47.98,670,759,46.89
2024,3,St Louis Blues,82,44,30,96,3669,3901,48.47,175,147,54.35,154.12,158.67,49.27,666,659,50.26
2024,4,Seattle Kraken,82,35,41,76,3841,4179,47.89,168,183,47.86,153.28,178.4,46.21,647,753,46.21
2024,5,Boston Bruins,82,33,39,76,3600,3944,47.72,152,164,48.1,154.33,167.47,47.96,632,701,47.41
2024,6,Florida Panthers,82,47,31,98,4263,3415,55.52,153,139,52.4,180.52,146.88,55.14,730,643,53.17
2024,7,Chicago Blackhawks,82,25,46,61,3351,4249,44.09,150,207,42.02,144.05,190.75,43.03,600,840,41.67
2024,8,Utah Hockey Club,82,38,31,89,4182,3675,53.23,158,150,51.3,184.98,159.32,53.73,740,621,54.37
2024,9,Toronto Maple Leafs,82,52,26,108,3694,4103,47.38,169,136,55.41,159.04,168.75,48.52,700,682,50.65
2024,10,Montreal Canadiens,82,40,31,91,3692,4082,47.49,158,181,46.61,167.89,189.11,47.03,677,805,45.68
2024,11,New York Rangers,82,39,36,85,3887,4068,48.86,180,172,51.14,170.36,184.76,47.97,721,818,46.85
2024,12,Pittsburgh Penguins,82,34,36,80,4063,3951,50.7,157,195,44.6,178.8,178.84,49.99,775,779,49.87
2024,13,Winnipeg Jets,82,56,22,116,3958,3940,50.11,170,119,58.82,175.52,159.18,52.44,787,674,53.87
2024,14,Edmonton Oilers,82,48,29,101,4262,3619,54.08,168,171,49.56,192.77,161.63,54.39,817,645,55.88
2024,15,Calgary Flames,82,41,27,96,4211,3927,51.74,140,142,49.65,162.61,162.04,50.09,682,712,48.92
2024,16,Vancouver Canucks,82,38,30,90,3634,3771,49.07,151,162,48.24,152.81,155.8,49.52,634,682,48.18
2024,17,Colorado Avalanche,82,49,29,102,4240,3596,54.11,165,155,51.56,171.32,155.66,52.4,735,683,51.83
2024,18,Vegas Golden Knights,82,50,22,110,4193,4000,51.18,184,155,54.28,186.4,168.4,52.54,794,715,52.62
2024,19,Los Angeles Kings,82,48,25,105,4151,3644,53.25,177,125,58.61,173.4,145.61,54.36,782,624,55.62
2024,20,Ottawa Senators,82,45,30,97,3819,3807,50.08,139,157,46.96,154.15,157.97,49.39,661,664,49.89
2024,21,Detroit Red Wings,82,39,35,86,3737,4050,47.99,143,162,46.89,163.91,175.79,48.25,654,756,46.38
2024,22,New York Islanders,82,35,35,82,4079,4090,49.93,162,161,50.15,176.09,170.09,50.87,767,751,50.53
2024,23,Dallas Stars,82,50,26,106,3879,3951,49.54,181,155,53.87,177.42,176.67,50.11,768,728,51.34
2024,24,Nashville Predators,82,30,44,68,3890,3798,50.6,130,190,40.63,168.84,166.95,50.28,747,719,50.95
2024,25,Columbus Blue Jackets,82,40,33,89,4009,4241,48.59,201,179,52.89,178.23,186.14,48.91,759,796,48.81
2024,26,Minnesota Wild,82,45,30,97,3788,4142,47.77,141,148,48.79,153.8,157.84,49.35,667,657,50.38
2024,27,San Jose Sharks,82,20,50,52,3635,4346,45.55,143,203,41.33,147.63,188.23,43.96,633,791,44.45
2024,28,Tampa Bay Lightning,82,47,27,102,3899,3839,50.39,186,144,56.36,170.96,164.89,50.9,766,659,53.75
2024,29,Carolina Hurricanes,82,47,30,99,4665,3223,59.14,176,167,51.31,199.56,157.22,55.93,833,725,53.47
2024,30,Philadelphia Flyers,82,33,39,76,3705,4021,47.95,166,195,45.98,168.66,156.87,51.81,717,647,52.57
2024,31,Washington Capitals,82,51,22,111,3943,3857,50.55,190,159,54.44,178.28,170.29,51.15,769,701,52.31
2024,32,Anaheim Ducks,82,35,37,80,3772,4445,45.9,156,164,48.75,161.06,196.05,45.1,669,847,44.13
2023,1,Nashville Predators,82,47,30,99,4057,3825,51.47,168,153,52.34,184.98,163.19,53.13,799,679,54.06
2023,2,Tampa Bay Lightning,82,45,29,98,3855,3775,50.52,171,190,47.37,160.52,167,49.01,724,696,50.99
2023,3,Chicago Blackhawks,82,23,53,52,3386,4360,43.71,118,202,36.88,140.91,191.91,42.34,588,889,39.81
2023,4,Pittsburgh Penguins,82,38,32,88,4198,3992,51.26,179,172,51,186.42,176.95,51.3,824,745,52.52
2023,5,Seattle Kraken,82,34,35,81,4037,3829,51.32,144,146,49.66,162.74,159.14,50.56,695,672,50.84
2023,6,Vegas Golden Knights,82,45,29,98,3984,4223,48.54,176,163,51.92,172.58,165.7,51.02,730,716,50.48
2023,7,Ottawa Senators,82,37,41,78,3982,3911,50.45,163,192,45.92,166.47,172.25,49.15,709,740,48.93
2023,8,Carolina Hurricanes,82,52,23,111,4709,3197,59.56,169,146,53.65,191.95,144.67,57.02,801,626,56.13
2023,9,Montreal Canadiens,82,30,36,76,3586,4273,45.63,160,164,49.38,163.69,189.05,46.41,697,805,46.4
2023,10,Toronto Maple Leafs,82,46,26,102,4102,3948,50.96,200,168,54.35,182.22,171.34,51.54,843,753,52.82
2023,11,Boston Bruins,82,47,20,109,3558,4008,47.03,174,135,56.31,166.7,166.59,50.02,757,746,50.37
2023,12,Winnipeg Jets,82,52,24,110,4001,3830,51.09,178,121,59.53,174.09,165.28,51.3,758,744,50.47
2023,13,Calgary Flames,82,38,39,81,4126,3932,51.2,167,181,47.99,171.03,167.48,50.52,728,731,49.9
2023,14,Colorado Avalanche,82,50,25,107,4200,3772,52.68,196,167,53.99,174.29,162.82,51.7,823,708,53.76
2023,15,Los Angeles Kings,82,44,27,99,4171,3564,53.92,165,143,53.57,180.83,150.71,54.54,731,644,53.16
2023,16,Edmonton Oilers,82,49,27,104,4316,3507,55.17,193,153,55.78,213.02,160.18,57.08,973,671,59.18
2023,17,Vancouver Canucks,82,50,23,109,3752,3541,51.45,187,136,57.89,169.61,154.85,52.28,795,675,54.08
2023,18,New York Rangers,82,55,23,114,3964,3949,50.09,166,165,50.15,167.1,173.93,49,730,744,49.53
2023,19,Buffalo Sabres,82,39,37,84,3923,3821,50.66,174,159,52.25,165.64,176.11,48.47,687,793,46.42
2023,20,Philadelphia Flyers,82,38,33,87,4104,3853,51.58,159,180,46.9,171.19,154.94,52.49,775,678,53.34
2023,21,Columbus Blue Jackets,82,27,43,66,4009,4385,47.76,175,196,47.17,169.43,197.86,46.13,666,847,44.02
2023,22,Detroit Red Wings,82,41,32,91,3552,4175,45.97,177,189,48.36,147.74,175.22,45.75,587,729,44.6
2023,23,New Jersey Devils,82,38,39,81,4036,3738,51.92,177,185,48.9,184.53,172.88,51.63,756,735,50.7
2023,24,St Louis Blues,82,43,33,92,3474,4199,45.28,151,167,47.48,150.23,190.79,44.05,640,851,42.92
2023,25,Dallas Stars,82,52,21,113,4262,3757,53.15,192,160,54.55,183.9,150.65,54.97,789,637,55.33
2023,26,Florida Panthers,82,52,24,110,4217,3354,55.7,155,119,56.57,175.03,147.87,54.2,753,648,53.75
2023,27,Minnesota Wild,82,39,33,88,3713,3766,49.65,159,163,49.38,149.41,143.54,51,657,622,51.37
2023,28,San Jose Sharks,82,19,54,47,3575,4583,43.82,119,226,34.49,148.33,206.31,41.83,634,901,41.3
2023,29,Arizona Coyotes,82,36,41,77,3722,3947,48.53,171,171,50,164.44,174.4,48.53,716,756,48.64
2023,30,Washington Capitals,82,40,31,91,3644,4166,46.66,143,175,44.97,160.49,178.16,47.39,714,763,48.34
2023,31,New York Islanders,82,39,27,94,3914,4429,46.91,166,158,51.23,175.88,178.8,49.59,780,762,50.58
2023,32,Anaheim Ducks,82,27,50,59,3344,3864,46.39,127,174,42.19,142.87,167.67,46.01,616,769,44.48
2021,1,Pittsburgh Penguins,82,46,25,103,3905,3598,52.05,180,154,53.89,178.82,156.01,53.41,806,683,54.13
2021,2,Tampa Bay Lightning,81,50,23,108,3550,3426,50.89,183,148,55.29,168.55,153.06,52.41,789,679,53.75
2021,3,Seattle Kraken,82,27,49,60,3537,3455,50.59,152,188,44.71,144.55,154.18,48.39,653,682,48.91
2021,4,Vegas Golden Knights,82,43,31,94,4147,3742,52.57,184,166,52.57,187.02,168.36,52.63,847,779,52.09
2021,5,Montreal Canadiens,82,22,49,55,3422,3871,46.92,154,195,44.13,155.42,183.32,45.88,702,842,45.47
2021,6,Toronto Maple Leafs,81,54,20,115,4074,3533,53.56,208,182,53.33,190.58,154.43,55.24,880,693,55.94
2021,7,New York Rangers,82,52,24,110,3322,3741,47.03,158,148,51.63,151.6,170.27,47.1,719,783,47.87
2021,8,Washington Capitals,82,44,26,100,3671,3591,50.55,179,157,53.27,161.88,157.44,50.69,696,699,49.89
2021,9,Chicago Blackhawks,82,28,42,68,3347,3932,45.98,143,192,42.69,138.68,165.72,45.56,586,675,46.47
2021,10,Colorado Avalanche,82,56,19,119,4007,3572,52.87,198,153,56.41,167.99,154.35,52.12,733,731,50.07
2021,11,Vancouver Canucks,82,40,30,92,3746,3770,49.84,156,143,52.17,161.68,167.59,49.1,665,761,46.63
2021,12,Edmonton Oilers,82,49,27,104,3948,3577,52.47,181,173,51.13,178.23,165.61,51.84,792,725,52.21
2021,13,Buffalo Sabres,82,32,39,75,3426,3638,48.5,158,200,44.13,147.33,171.63,46.19,669,788,45.92
2021,14,Ottawa Senators,82,33,42,73,3552,3866,47.88,147,175,45.65,154.97,175.36,46.91,692,763,47.56
2021,15,Detroit Red Wings,82,32,40,74,3327,3885,46.13,159,203,43.92,156.17,180.62,46.37,685,874,43.94
2021,16,Florida Panthers,82,58,18,122,4300,3330,56.36,218,161,57.52,206.63,162.85,55.92,935,759,55.19
2021,17,Dallas Stars,82,46,30,98,3623,3769,49.01,147,159,48.04,166.77,160.88,50.9,813,705,53.56
2021,18,New York Islanders,82,37,35,84,3398,3983,46.04,159,160,49.84,159.46,178.09,47.24,725,787,47.95
2021,19,Carolina Hurricanes,82,54,20,116,4116,3205,56.22,193,141,57.78,198.42,162.1,55.04,897,709,55.85
2021,20,Arizona Coyotes,82,25,50,57,3179,4045,44.01,157,221,41.53,141.61,188.75,42.87,648,854,43.14
2021,21,Columbus Blue Jackets,82,37,38,81,3630,3971,47.76,177,214,45.27,156.43,189.69,45.19,639,839,43.23
2021,22,Nashville Predators,82,45,30,97,3493,3534,49.71,165,156,51.4,150.51,149.87,50.11,644,611,51.31
2021,23,Winnipeg Jets,82,39,32,89,3701,3786,49.43,156,162,49.06,177.46,178.51,49.85,773,841,47.89
2021,24,Anaheim Ducks,82,31,37,76,3551,3877,47.81,154,186,45.29,161.89,177.81,47.66,727,778,48.31
2021,25,Los Angeles Kings,82,44,27,99,4014,3398,54.16,155,152,50.49,182.39,161.82,52.99,794,749,51.46
2021,26,New Jersey Devils,82,27,46,63,3865,3784,50.53,181,216,45.59,175.08,166.75,51.22,780,662,54.09
2021,27,Philadelphia Flyers,82,25,46,61,3499,4007,46.62,159,189,45.69,155.74,178.93,46.54,660,785,45.67
2021,28,Minnesota Wild,82,53,22,113,3626,3482,51.01,207,150,57.98,157.22,136.23,53.58,694,602,53.55
2021,29,Boston Bruins,82,51,26,107,3864,3227,54.49,172,144,54.43,173.15,130.55,57.01,727,562,56.4
2021,30,St Louis Blues,82,49,22,109,3343,3757,47.08,199,170,53.93,162.45,181.48,47.23,675,775,46.55
2021,31,Calgary Flames,82,50,21,111,4194,3351,55.59,196,139,58.51,185.01,151.14,55.04,784,622,55.76
2021,32,San Jose Sharks,82,32,37,77,3449,4116,45.59,142,179,44.24,153.62,173.54,46.96,717,747,48.98
2022,1,San Jose Sharks,82,22,44,60,3710,3923,48.6,168,220,43.3,184.11,184.36,49.97,858,809,51.47
2022,2,Nashville Predators,82,42,32,92,3593,3985,47.41,146,153,48.83,168,186.61,47.38,756,819,48
2022,3,Tampa Bay Lightning,82,46,30,98,3804,3590,51.45,175,162,51.93,182.25,171.88,51.46,853,756,53.01
2022,4,New York Rangers,82,47,22,107,3669,3698,49.8,180,153,54.05,171.13,176.48,49.23,789,823,48.95
2022,5,Vegas Golden Knights,82,51,22,111,3858,4155,48.15,185,159,53.78,181.01,174.16,50.96,836,738,53.11
2022,6,Los Angeles Kings,82,47,25,104,3845,3502,52.33,169,159,51.52,170.4,154.75,52.41,764,695,52.36
2022,7,Boston Bruins,82,65,12,135,3690,3519,51.19,199,114,63.58,178.14,156.34,53.26,825,702,54.03
2022,8,Washington Capitals,82,35,37,80,3839,3873,49.78,173,182,48.73,177.72,179.38,49.77,788,798,49.68
2022,9,Columbus Blue Jackets,82,25,48,59,3589,4401,44.92,143,231,38.24,160.28,202.48,44.18,681,887,43.43
2022,10,Carolina Hurricanes,82,52,21,113,4450,2920,60.38,174,139,55.59,207.72,138.61,59.98,967,670,59.07
2022,11,Toronto Maple Leafs,82,50,21,111,3764,3606,51.07,184,142,56.44,190.8,165.58,53.54,914,767,54.37
2022,12,Montreal Canadiens,82,31,45,68,3359,4022,45.51,162,200,44.75,152.52,196.28,43.73,657,899,42.22
2022,13,Chicago Blackhawks,82,26,49,59,3223,4119,43.9,135,208,39.36,143,193.15,42.54,612,868,41.35
2022,14,Colorado Avalanche,82,51,24,109,3941,3610,52.19,174,145,54.55,172.49,161.56,51.64,749,756,49.77
2022,15,Seattle Kraken,82,46,28,100,3846,3445,52.75,209,160,56.64,172.22,160.55,51.75,704,719,49.47
2022,16,Anaheim Ducks,82,23,47,58,3300,4433,42.67,143,224,38.96,150.64,226.64,39.93,673,1055,38.95
2022,17,Vancouver Canucks,82,38,37,83,3378,3715,47.62,169,192,46.81,159.04,178.66,47.1,737,811,47.61
2022,18,Edmonton Oilers,82,50,23,109,3803,3472,52.27,191,168,53.2,193.5,167.06,53.67,903,698,56.4
2022,19,Arizona Coyotes,82,28,40,70,3150,3830,45.13,151,180,45.62,144.06,179.33,44.55,641,819,43.9
2022,20,Pittsburgh Penguins,82,40,31,91,4115,3777,52.14,168,172,49.41,202.72,173.26,53.92,931,800,53.78
2022,21,New Jersey Devils,82,52,22,112,4298,3643,54.12,197,154,56.13,206.52,162.32,55.99,893,678,56.84
2022,22,Philadelphia Flyers,82,31,38,75,3602,3997,47.4,152,174,46.63,162.13,176.73,47.84,733,804,47.69
2022,23,Ottawa Senators,82,39,35,86,3815,3588,51.53,151,177,46.04,176.39,165.37,51.61,799,739,51.95
2022,24,Buffalo Sabres,82,42,33,91,3801,3600,51.36,197,204,49.13,182.99,187.83,49.35,791,881,47.31
2022,25,Florida Panthers,82,42,32,92,4149,3487,54.33,191,159,54.57,199.07,170.97,53.8,939,809,53.72
2022,26,New York Islanders,82,42,31,93,3912,3952,49.75,176,145,54.83,180.41,183.39,49.59,852,848,50.12
2022,27,Dallas Stars,82,47,21,108,3884,3633,51.67,175,145,54.69,175.84,160.8,52.23,824,709,53.75
2022,28,Minnesota Wild,82,46,25,103,3678,3757,49.47,144,139,50.88,160.75,160.78,50,709,677,51.15
2022,29,Calgary Flames,82,38,27,93,4348,3228,57.39,182,169,51.85,195.91,157.24,55.48,810,700,53.64
2022,30,Detroit Red Wings,82,35,37,80,3236,3794,46.03,146,183,44.38,145.09,169.16,46.17,631,799,44.13
2022,31,Winnipeg Jets,82,46,33,95,3780,3550,51.57,158,147,51.8,180.92,169.37,51.65,825,745,52.55
2022,32,St Louis Blues,82,37,38,81,3357,3962,45.87,180,188,48.91,157.17,193.88,44.77,673,839,44.51
2025,1,Chicago Blackhawks,57,22,26,53,2370,2722,46.54,106,135,43.98,104.72,132.73,44.1,434,604,41.81
2025,2,Florida Panthers,57,29,25,61,2587,2357,52.33,108,125,46.35,119.96,113.57,51.37,515,489,51.29
2025,3,Pittsburgh Penguins,56,29,15,70,2704,2607,50.91,127,112,53.14,133.64,122.05,52.27,590,529,52.73
2025,4,New York Rangers,57,22,29,50,2576,2741,48.45,95,112,45.89,113.86,119.19,48.86,513,485,51.4
2025,5,Colorado Avalanche,55,37,9,83,3102,2432,56.05,157,87,64.34,140.27,109.81,56.09,587,482,54.91
2025,6,Los Angeles Kings,56,23,19,60,2767,2463,52.91,92,88,51.11,115.55,106.62,52.01,519,481,51.9
2025,7,Montreal Canadiens,57,32,17,72,2487,2598,48.91,128,116,52.46,119.94,126.65,48.64,472,548,46.27
2025,8,Toronto Maple Leafs,57,27,21,63,2512,2959,45.91,131,142,47.99,117.48,126.73,48.11,524,552,48.7
2025,9,Boston Bruins,57,32,20,69,2593,2711,48.89,127,105,54.74,113.26,130.58,46.45,481,562,46.12
2025,10,Washington Capitals,59,29,23,65,2822,2742,50.72,131,106,55.27,140.03,132.43,51.39,618,564,52.28
2025,11,Calgary Flames,56,23,27,52,2734,2598,51.28,92,117,44.02,115.84,117.72,49.6,503,529,48.74
2025,12,Edmonton Oilers,58,28,22,64,2732,2683,50.45,119,134,47.04,135.3,130.86,50.83,569,555,50.62
2025,13,Vegas Golden Knights,57,27,16,68,2687,2625,50.58,125,124,50.2,119.64,112.1,51.63,549,465,54.14
2025,14,Buffalo Sabres,57,32,19,70,2545,2748,48.08,129,119,52.02,121.99,126.71,49.05,516,533,49.19
2025,15,Detroit Red Wings,58,33,19,72,2706,2798,49.16,99,114,46.48,124.72,124.84,49.98,515,543,48.68
2025,16,Ottawa Senators,57,28,22,63,2617,2321,53,127,119,51.63,122.04,101.79,54.52,528,445,54.27
2025,17,Tampa Bay Lightning,55,37,14,78,2538,2235,53.17,127,90,58.53,124.12,103.18,54.61,526,413,56.02
2025,18,Philadelphia Flyers,56,25,20,61,2302,2492,48.02,110,114,49.11,110.94,110.34,50.14,514,459,52.83
2025,19,New York Islanders,58,32,21,69,2524,2721,48.12,107,102,51.2,116.7,136.65,46.06,480,604,44.28
2025,20,New Jersey Devils,57,28,27,58,2771,2673,50.9,89,126,41.4,121.1,125.96,49.02,503,548,47.86
2025,21,Carolina Hurricanes,57,36,15,78,3215,2185,59.54,125,106,54.11,144.41,116.24,55.41,604,502,54.61
2025,22,Minnesota Wild,58,34,14,78,2713,2997,47.51,117,109,51.77,129.22,129.16,50.01,559,569,49.56
2025,23,St Louis Blues,57,20,28,49,2400,2652,47.51,105,136,43.57,112.34,119.73,48.41,482,510,48.59
2025,24,Columbus Blue Jackets,56,29,20,65,2795,2730,50.59,123,115,51.68,127.52,123.26,50.85,534,502,51.54
2025,25,Nashville Predators,57,26,24,59,2732,2518,52.04,104,133,43.88,130.57,118.02,52.53,588,492,54.44
2025,26,Dallas Stars,57,34,14,77,2232,2583,46.36,118,99,54.38,116.57,116.56,50,509,484,51.26
2025,27,Winnipeg Jets,56,22,26,52,2420,2600,48.21,112,113,49.78,110.93,123.4,47.34,493,541,47.68
2025,28,Utah Mammoth,57,30,23,64,2730,2412,53.09,132,107,55.23,131.89,113.67,53.71,576,504,53.33
2025,29,Vancouver Canucks,57,18,33,42,2546,2768,47.91,93,129,41.89,115.92,132.62,46.64,506,595,45.96
2025,30,San Jose Sharks,55,27,24,58,2170,2685,44.7,108,125,46.35,99.94,125.47,44.34,476,545,46.62
2025,31,Anaheim Ducks,56,30,23,63,2869,2655,51.94,116,131,46.96,129.17,125.05,50.81,547,546,50.05
2025,32,Seattle Kraken,56,27,20,63,2371,2858,45.34,101,90,52.88,101.46,127.36,44.34,412,562,42.3
