HDCF%,Team,Season,Situation (5on5),GP,xGF%,CF%,xGF,GF,HDCF,xGA,GA,HDCA
0.457446809,PHI,2025,5on5,56,0.5,0.48,103.9,110,86,104.62,114,102
0.502325581,BUF,2025,5on5,57,0.49,0.48,116.77,129,108,119.13,119,107
0.474226804,TOR,2025,5on5,57,0.48,0.46,112.06,131,92,120.01,142,102
0.487804878,DET,2025,5on5,58,0.49,0.49,113.65,99,100,117.9,115,105
0.430962343,WPG,2025,5on5,56,0.47,0.48,105.82,113,103,118.43,114,136
0.539393939,LAK,2025,5on5,56,0.52,0.53,107.55,92,89,100.65,88,76
0.504166667,PIT,2025,5on5,56,0.51,0.51,124.76,127,121,117.89,113,119
0.471111111,SJS,2025,5on5,55,0.45,0.45,98.62,108,106,118.89,125,119
0.601593625,CAR,2025,5on5,57,0.57,0.6,140.8,125,151,107.57,106,100
0.559405941,TBL,2025,5on5,55,0.54,0.53,117.6,127,113,98.31,90,89
0.502283105,CGY,2025,5on5,56,0.49,0.51,110.55,93,110,112.77,117,109
0.467213115,WSH,2025,5on5,59,0.5,0.51,127.45,131,114,125.33,106,130
0.460526316,STL,2025,5on5,57,0.49,0.47,108.3,105,105,114.97,136,123
0.474226804,NYR,2025,5on5,57,0.48,0.48,105.31,96,92,114.22,112,102
0.582010582,OTT,2025,5on5,57,0.55,0.53,116.74,127,110,93.78,119,79
0.559633028,UTA,2025,5on5,57,0.53,0.53,124.73,132,122,109.93,107,96
0.482758621,VAN,2025,5on5,57,0.46,0.48,108.59,93,112,128.93,129,120
0.585774059,COL,2025,5on5,55,0.57,0.56,136.88,157,140,104.04,87,99
0.469827586,CHI,2025,5on5,57,0.44,0.47,103.09,106,109,131.61,135,123
0.425120773,SEA,2025,5on5,56,0.45,0.45,96.78,101,88,116.58,90,119
0.458333333,BOS,2025,5on5,57,0.47,0.49,107.94,127,99,120.48,105,117
0.434782609,NJD,2025,5on5,57,0.48,0.51,112.5,89,100,120.85,126,130
0.469767442,MTL,2025,5on5,57,0.49,0.49,109.71,128,101,116.32,117,114
0.554054054,MIN,2025,5on5,58,0.5,0.48,120.47,117,123,119.6,109,99
0.51953125,EDM,2025,5on5,58,0.51,0.5,130.81,120,133,124.96,134,123
0.520202020,ANA,2025,5on5,56,0.51,0.52,121.34,116,103,114.42,131,95
0.430962343,NYI,2025,5on5,58,0.47,0.48,111.02,108,103,127.67,102,136
0.495098039,DAL,2025,5on5,57,0.5,0.46,109.04,118,101,109.43,99,103
0.514705882,VGK,2025,5on5,57,0.53,0.51,116.31,125,105,104.89,124,99
0.545081967,NSH,2025,5on5,57,0.51,0.52,122.04,104,133,115.78,134,111
0.492682927,FLA,2025,5on5,57,0.51,0.52,111.01,108,101,106.74,125,104
0.526315789,CBJ,2025,5on5,56,0.51,0.51,122.36,123,130,117.81,115,117
0.48,WPG,2021,5on5,82,0.49,0.49,181.06,156,156,185.02,162,169
0.464539007,CBJ,2021,5on5,82,0.45,0.48,163.27,177,131,199.7,214,151
0.505119454,PIT,2021,5on5,82,0.53,0.52,184.03,180,148,160.12,154,145
0.504237288,NSH,2021,5on5,82,0.5,0.5,158.2,165,119,158.48,156,117
0.509036145,VGK,2021,5on5,82,0.52,0.53,188.51,183,169,170.93,166,163
0.544585987,EDM,2021,5on5,82,0.51,0.52,184.39,181,171,173.78,173,143
0.516574586,FLA,2021,5on5,82,0.56,0.56,220.25,218,187,173.3,161,175
0.498349835,OTT,2021,5on5,82,0.47,0.48,165.09,147,151,185.4,175,152
0.49609375,VAN,2021,5on5,82,0.49,0.5,160.59,157,127,166.18,143,129
0.440298507,STL,2021,5on5,82,0.47,0.47,165.78,200,118,183.27,171,150
0.484848485,PHI,2021,5on5,82,0.46,0.47,165.61,159,160,190.9,189,170
0.526315789,DET,2021,5on5,82,0.46,0.46,161.93,159,160,188.36,203,144
0.391129032,BUF,2021,5on5,82,0.46,0.48,147.94,158,97,176.12,201,151
0.481751825,SJS,2021,5on5,82,0.47,0.46,159.89,142,132,178.84,179,142
0.525423729,COL,2021,5on5,82,0.53,0.53,173.79,198,155,157.07,153,140
0.598455598,BOS,2021,5on5,82,0.57,0.55,178.47,174,155,135.36,144,104
0.465384615,NYR,2021,5on5,82,0.47,0.47,147.24,158,121,165.23,148,139
0.448170732,MTL,2021,5on5,82,0.46,0.47,155.15,156,147,185.87,196,181
0.523076923,TBL,2021,5on5,82,0.52,0.51,177.88,183,136,163.7,149,124
0.541795666,LAK,2021,5on5,82,0.53,0.54,187.62,155,175,166.18,152,148
0.524,ANA,2021,5on5,82,0.48,0.48,154.81,155,131,166.4,187,119
0.563636364,CAR,2021,5on5,82,0.56,0.56,199.03,193,186,158.44,141,144
0.560553633,DAL,2021,5on5,82,0.52,0.49,171.56,147,162,161.01,160,127
0.471186441,NYI,2021,5on5,82,0.47,0.46,150.94,159,139,169.51,160,156
0.493006993,NJD,2021,5on5,82,0.51,0.51,181.26,182,141,175.05,216,145
0.463601533,WSH,2021,5on5,82,0.5,0.51,158.47,179,121,155.95,157,140
0.525490196,CGY,2021,5on5,82,0.55,0.56,180.94,196,134,148.18,140,121
0.483412322,CHI,2021,5on5,82,0.47,0.46,133.99,143,102,152.63,192,109
0.558139535,TOR,2021,5on5,82,0.55,0.54,203.45,208,168,165.47,182,133
0.549783550,MIN,2021,5on5,82,0.53,0.51,161.91,207,127,141.79,150,104
0.395759717,ARI,2021,5on5,82,0.42,0.44,138.34,157,112,188.46,221,171
0.437007874,SEA,2021,5on5,82,0.48,0.51,147.82,152,111,162.5,189,143
0.481132075,NYR,2023,5on5,82,0.49,0.5,162.67,166,153,167.47,165,165
0.469026549,TBL,2023,5on5,82,0.5,0.51,166.07,172,159,167.8,190,180
0.468390805,OTT,2023,5on5,82,0.49,0.5,161.24,163,163,166.67,193,185
0.435435435,CHI,2023,5on5,82,0.43,0.44,141.71,118,145,191.19,202,188
0.519163763,SEA,2023,5on5,82,0.51,0.51,157.93,144,149,151.93,146,138
0.535211268,NSH,2023,5on5,82,0.53,0.51,184.22,168,190,163.77,156,165
0.430809399,CBJ,2023,5on5,82,0.45,0.48,165.03,175,165,201.06,196,218
0.523160763,VAN,2023,5on5,82,0.52,0.51,168.13,187,192,153.65,138,175
0.479245283,MIN,2023,5on5,82,0.51,0.5,153.57,159,127,147.92,163,138
0.527851459,NYI,2023,5on5,82,0.5,0.47,172.08,166,199,172.26,158,178
0.539473684,PIT,2023,5on5,82,0.52,0.51,187.65,179,205,176.75,172,175
0.485875706,COL,2023,5on5,82,0.52,0.53,186.58,196,172,171.15,168,182
0.493865031,WPG,2023,5on5,82,0.51,0.51,170.67,179,161,161.65,121,165
0.479310345,DET,2023,5on5,82,0.46,0.46,145.98,179,139,171.86,190,151
0.533536585,CAR,2023,5on5,82,0.56,0.6,187.57,169,175,147.58,146,153
0.539951574,NJD,2023,5on5,82,0.52,0.52,186.49,177,223,173.39,185,190
0.455331412,WSH,2023,5on5,82,0.47,0.47,159.46,143,158,176.72,175,189
0.510204082,ANA,2023,5on5,82,0.47,0.46,144.61,127,150,164.61,174,144
0.471751412,BUF,2023,5on5,82,0.48,0.51,168.58,175,167,181.85,159,187
0.445859873,STL,2023,5on5,82,0.44,0.45,149.75,151,140,188.3,167,174
0.495327103,PHI,2023,5on5,82,0.52,0.52,167.97,164,159,155.6,180,162
0.478371501,TOR,2023,5on5,82,0.51,0.51,185.64,200,188,177.4,170,205
0.507122507,ARI,2023,5on5,82,0.48,0.49,162.66,172,178,173.26,172,173
0.516393443,BOS,2023,5on5,82,0.5,0.47,168.42,176,189,168.84,135,177
0.619289340,EDM,2023,5on5,82,0.58,0.55,217.14,194,244,156.17,153,150
0.521739130,FLA,2023,5on5,82,0.54,0.56,171.44,155,168,146.12,120,154
0.399456522,SJS,2023,5on5,82,0.41,0.44,147.1,119,147,208.68,226,221
0.526645768,DAL,2023,5on5,82,0.54,0.53,181.52,194,168,153.17,161,151
0.458689459,MTL,2023,5on5,82,0.47,0.46,157.87,160,161,181.55,166,190
0.549253731,VGK,2023,5on5,82,0.52,0.49,176.72,176,184,166.15,163,151
0.510638298,CGY,2023,5on5,82,0.5,0.51,165.2,167,168,167.34,182,161
0.571014493,LAK,2023,5on5,82,0.55,0.54,182.33,165,197,152.15,143,148
0.531806616,VGK,2024,5on5,82,0.53,0.51,191.44,184,209,172.33,155,184
0.489028213,TOR,2024,5on5,82,0.5,0.47,160.95,169,156,162.14,136,163
0.471223022,MIN,2024,5on5,82,0.49,0.48,153.2,141,131,158.24,148,147
0.580357143,PHI,2024,5on5,82,0.53,0.48,176.71,166,195,157.56,195,141
0.452380952,BUF,2024,5on5,82,0.47,0.5,159.17,185,152,176.58,184,184
0.522580645,CGY,2024,5on5,82,0.49,0.52,160.1,140,162,165.75,142,148
0.422969188,SJS,2024,5on5,82,0.44,0.46,149.52,143,151,192.65,204,206
0.507537688,CBJ,2024,5on5,82,0.48,0.49,177.83,201,202,189.77,179,196
0.424581006,MTL,2024,5on5,82,0.47,0.48,167.21,158,152,188.61,182,206
0.538235294,UTA,2024,5on5,82,0.53,0.53,185.5,158,183,162.7,151,157
0.461956522,NYR,2024,5on5,82,0.48,0.49,171.35,180,170,184.6,172,198
0.562130178,FLA,2024,5on5,82,0.55,0.56,180.27,153,190,149.12,139,148
0.516320475,TBL,2024,5on5,82,0.51,0.5,176.77,186,174,167.59,144,163
0.520504732,BOS,2024,5on5,82,0.48,0.48,154.43,153,165,164.82,165,152
0.493472585,PIT,2024,5on5,82,0.49,0.51,177.73,157,189,183.56,195,194
0.520710059,EDM,2024,5on5,82,0.55,0.54,189.29,168,176,157.89,171,162
0.52,COL,2024,5on5,82,0.53,0.54,170.91,165,156,151.44,155,144
0.510526316,WSH,2024,5on5,82,0.52,0.51,184.2,190,194,170.84,160,186
0.523510972,VAN,2024,5on5,82,0.49,0.49,147.88,152,167,154.34,162,152
0.513227513,CAR,2024,5on5,82,0.56,0.59,201.45,176,194,161.18,167,184
0.569277108,WPG,2024,5on5,82,0.53,0.5,176.84,170,189,157.44,119,143
0.493630573,NSH,2024,5on5,82,0.5,0.51,166.91,130,155,169.15,190,159
0.490797546,STL,2024,5on5,82,0.5,0.48,156.09,175,160,158.88,147,166
0.460451977,ANA,2024,5on5,82,0.45,0.46,160.38,157,163,195.44,164,191
0.552941176,NJD,2024,5on5,82,0.52,0.51,172.34,149,188,161.44,152,152
0.464387464,DET,2024,5on5,82,0.48,0.48,163.88,143,163,179.02,162,188
0.504347826,NYI,2024,5on5,82,0.5,0.5,175.52,162,174,175.45,161,171
0.407166124,SEA,2024,5on5,82,0.46,0.48,154.01,168,125,179.75,184,182
0.494186047,OTT,2024,5on5,82,0.5,0.5,158.46,140,170,159.51,157,174
0.596666667,LAK,2024,5on5,82,0.55,0.53,177.9,178,179,144.25,125,121
0.474285714,DAL,2024,5on5,82,0.5,0.5,177.45,182,166,177.15,156,184
0.422857143,CHI,2024,5on5,82,0.43,0.44,145.03,151,148,191.53,207,202
0.539548023,CGY,2022,5on5,82,0.55,0.57,192.77,182,191,159.77,169,163
0.549206349,EDM,2022,5on5,82,0.54,0.52,192.77,193,173,163.97,169,142
0.430939227,CHI,2022,5on5,82,0.43,0.44,147.83,136,156,199.38,208,206
0.376506024,ANA,2022,5on5,82,0.4,0.43,147.26,144,125,221.12,224,207
0.575675676,PIT,2022,5on5,82,0.53,0.52,204.07,168,213,178.71,173,157
0.524242424,WSH,2022,5on5,82,0.5,0.5,178.48,174,173,180.16,182,157
0.501501502,BOS,2022,5on5,82,0.54,0.51,188.6,200,167,162.14,114,166
0.545205479,FLA,2022,5on5,82,0.54,0.54,200.33,191,199,173.16,160,166
0.491978610,NSH,2022,5on5,82,0.48,0.47,181.59,146,184,199.01,153,190
0.585798817,NJD,2022,5on5,82,0.56,0.54,209.18,197,198,164.22,155,140
0.469135802,BUF,2022,5on5,82,0.48,0.51,183.66,197,152,195.34,204,172
0.403061224,MTL,2022,5on5,82,0.44,0.46,157.65,163,158,203.85,200,234
0.473053892,OTT,2022,5on5,82,0.51,0.52,183.07,152,158,174.36,178,176
0.505208333,NYI,2022,5on5,82,0.5,0.5,182.99,176,194,181.77,145,190
0.545961003,TOR,2022,5on5,82,0.54,0.51,197.97,184,196,167.83,143,163
0.537704918,DAL,2022,5on5,82,0.52,0.52,174.54,175,164,158.23,145,141
0.486394558,SEA,2022,5on5,82,0.52,0.53,176.4,209,143,163.59,162,151
0.434782609,NYR,2022,5on5,82,0.48,0.5,163.42,180,130,174.2,153,169
0.524421594,SJS,2022,5on5,82,0.5,0.49,188.23,169,204,191.27,220,185
0.643504532,CAR,2022,5on5,82,0.6,0.6,206.15,175,213,136.64,139,118
0.487364621,MIN,2022,5on5,82,0.5,0.49,162.6,144,135,165.05,140,142
0.400576369,CBJ,2022,5on5,82,0.43,0.45,164.08,143,139,213.18,231,208
0.497023810,PHI,2022,5on5,82,0.48,0.47,165.5,152,167,182.51,174,169
0.472491909,ARI,2022,5on5,82,0.45,0.45,153.64,151,146,188.62,181,163
0.547770701,LAK,2022,5on5,82,0.53,0.52,180.3,169,172,158.72,159,142
0.492795389,TBL,2022,5on5,82,0.51,0.51,189.8,175,171,180.05,162,176
0.477663230,DET,2022,5on5,82,0.47,0.46,144.34,146,139,164.53,185,152
0.513071895,COL,2022,5on5,82,0.52,0.52,176.73,174,157,160.66,145,149
0.545994065,VGK,2022,5on5,82,0.52,0.48,186.71,187,184,170.69,160,153
0.426666667,STL,2022,5on5,82,0.45,0.46,155.86,180,128,191.95,188,172
0.435045317,VAN,2022,5on5,82,0.46,0.48,156.24,170,144,180.11,193,187
0.550458716,WPG,2022,5on5,82,0.52,0.52,179.9,160,180,167.85,148,147
